{"val_loss": [0.444277286529541, 0.3204205483198166, 0.2874722480773926, 0.2170100212097168, 0.2428051382303238], "val_dice_coef": [0.31438779830932617, 0.44803985953330994, 0.513895720243454, 0.60096275806427, 0.5909759998321533], "loss": [0.5574263334274292, 0.35885512828826904, 0.36060670018196106, 0.3333950825035572, 0.23853179812431335], "dice_coef": [0.26519370824098587, 0.2970554009079933, 0.3914426788687706, 0.5462309047579765, 0.5189935304224491]}