{"val_loss": [0.17011278122663498, 0.1134464219212532, 0.10164466127753258, 0.11148926615715027, 0.09576229378581047, 0.11641417443752289, 0.11251339688897133, 0.08647841215133667, 0.08046821132302284, 0.08248482644557953, 0.10700201615691185, 0.07702073827385902, 0.0866536907851696, 0.0894596129655838, 0.07700527831912041], "val_dice_coef": [0.8751439154148102, 0.9151586890220642, 0.9308757185935974, 0.9355706572532654, 0.9442054331302643, 0.9424964189529419, 0.9461199045181274, 0.9543868899345398, 0.9573514759540558, 0.9584545493125916, 0.95402792096138, 0.9619123935699463, 0.9600102305412292, 0.960705578327179, 0.9643629193305969], "loss": [0.21214836064867582, 0.1145803868369777, 0.08435847310797323, 0.06761811775615133, 0.057777746739691195, 0.05198443866676734, 0.04750753948582879, 0.04368284705413293, 0.040886864375582414, 0.03861586564468055, 0.036061624233033274, 0.03444703155244359, 0.032943582041424856, 0.031550947464766756, 0.0304297025321358], "dice_coef": [0.8368522065538394, 0.9111260339806352, 0.9354105342792559, 0.9486939402509339, 0.9567200067111209, 0.9617145924439913, 0.9653761235030391, 0.9683852406996715, 0.9707053806396979, 0.9725095029873184, 0.9743690104990066, 0.9756944075792651, 0.976854489291016, 0.9778933757090871, 0.9787993660267396]}